_id,INTERSECTION_ID,LINEAR_NAME_FULL_1,LINEAR_NAME_FULL_2,ID,X,Y,LONGITUDE,LATITUDE,OBJECTID,geometry,MID_BLOCK,POLICE_DIVISION_2,POLICE_DIVISION_3,ACTIVATION_DATE,SIDE2,CLIENT_STREET_2,CLIENT_STREET_1,SIDE1,MI_PRINX,PRIVATE_ACCESS,TCS,ADDITIONAL_INFO,POLICE_DIVISION_1,WARD_1,WARD_3,WARD_2,WARD_4,NAME,DISTRICT,RLC,MAIN
23137,13465959,Richmond St E,Parliament St,1,NA,NA,NA,NA,1,"c(-79.3640229981536, 43.6545590110734)",NA,NA,NA,2007-11-09T05:00:00,NA,PARLIAMENT ST,RICHMOND ST E,PARLIAMENT ST,1,NA,223,NA,51,Toronto Centre(13),NA,NA,NA,Richmond St E And Parliament St,Toronto and East York,6001,RICHMOND ST E
23138,13467993,Lake Shore Blvd W,York St,2,NA,NA,NA,NA,2,"c(-79.3808680070637, 43.6414600021636)",NA,NA,NA,2007-11-09T05:00:00,NA,YORK ST,LAKE SHORE BLVD W,YORK ST,2,NA,205,WB LAKE SHORE BLVD,52,Spadina-Fort York(10),NA,NA,NA,Lake Shore Blvd W And York St,Toronto and East York,6002,LAKE SHORE BLVD W
23139,13444656,Steeles Ave W,Carpenter Rd,3,NA,NA,NA,NA,3,"c(-79.447588998966, 43.7920130014137)",NA,NA,NA,2007-11-09T05:00:00,PRIVATE ACCESS,CARPENTER RD,STEELES AVE W,CARPENTER RD,3,SHOPPING CENTRE,1564,NA,32,York Centre(6),NA,NA,NA,Steeles Ave W And Carpenter Rd / Private Access @ Shopping Centre,North York,6003,STEELES AVE W
23140,13444138,Steeles Ave W,Hilda Ave,4,NA,NA,NA,NA,4,"c(-79.4292670008865, 43.7960070062936)",NA,NA,NA,2007-11-09T05:00:00,NA,HILDA AVE,STEELES AVE W,HILDA AVE,4,NA,1115,NA,32,Willowdale(18),NA,NA,NA,Steeles Ave W And Hilda Ave,North York,6004,STEELES AVE W
23141,13451893,Albion Rd,Silverstone Dr,5,NA,NA,NA,NA,5,"c(-79.6000939933117, 43.7429520012624)",NA,NA,NA,2007-11-09T05:00:00,NA,SILVERSTONE DR,ALBION RD,SILVERSTONE DR,5,NA,1156,NA,23,Etobicoke North(1),NA,NA,NA,Albion Rd And Silverstone Dr,Etobicoke York,6005,ALBION RD
23142,13459576,Dixon Rd,Kipling Ave,6,NA,NA,NA,NA,6,"c(-79.5586490059244, 43.6942490044885)",NA,NA,NA,2008-03-18T04:00:00,NA,KIPLING AVE,DIXON RD,KIPLING AVE,6,NA,435,NA,23,Etobicoke North(1),NA,Etobicoke Centre(2),NA,Dixon Rd And Kipling Ave,Etobicoke York,6007,DIXON RD
23143,13448601,Steeles Ave W,Islington Ave,7,NA,NA,NA,NA,7,"c(-79.5748709931268, 43.7643430030644)",NA,NA,NA,2008-10-28T04:00:00,NA,ISLINGTON AVE,STEELES AVE W,ISLINGTON AVE,7,NA,1208,NA,31,Humber River-Black Creek(7),NA,NA,NA,Steeles Ave W And Islington Ave,Etobicoke York,6008,STEELES AVE W
23144,13450231,Sheppard Ave W,Wilson Heights Blvd,8,NA,NA,NA,NA,8,"c(-79.4567510019211, 43.7516630010107)",NA,NA,NA,2009-03-17T04:00:00,NA,WILSON HEIGHTS BLVD,SHEPPARD AVE W,WILSON HEIGHTS BLVD,8,NA,631,NA,32,York Centre(6),NA,NA,NA,Sheppard Ave W And Wilson Heights Blvd,North York,6009,SHEPPARD AVE W
23145,13449607,Bathurst St,Sheppard Ave W,9,NA,NA,NA,NA,9,"c(-79.4384810044369, 43.7554580028968)",NA,NA,NA,2007-11-09T05:00:00,NA,SHEPPARD AVE W,BATHURST ST,SHEPPARD AVE W,9,NA,672,NA,32,York Centre(6),NA,NA,NA,Bathurst St And Sheppard Ave W,North York,6010,BATHURST ST
23146,13455749,Lawrence Ave W,Marlee Ave,10,NA,NA,NA,NA,10,"c(-79.4465200053405, 43.7156150035191)",NA,13,NA,2008-03-19T04:00:00,PRIVATE ACCESS,MARLEE AVE,LAWRENCE AVE W,MARLEE AVE,10,LAWRENCE SQUARE ACCESS,425,NA,32,Eglinton-Lawrence(8),NA,NA,NA,Lawrence Ave W And Marlee Ave / Private Access @ Lawrence Square Access,North York,6011,LAWRENCE AVE W
23147,13455135,Bathurst St,Lawrence Ave W,11,NA,NA,NA,NA,11,"c(-79.4298159904052, 43.7192580018008)",NA,13,53,2008-08-11T04:00:00,NA,LAWRENCE AVE W,BATHURST ST,LAWRENCE AVE W,11,NA,423,NA,32,Eglinton-Lawrence(8),NA,NA,NA,Bathurst St And Lawrence Ave W,North York,6012,BATHURST ST
23148,13444532,Bayview Ave,Cummer Ave,12,NA,NA,NA,NA,12,"c(-79.3935960040456, 43.7922969999153)",NA,32,NA,2009-03-17T04:00:00,NA,CUMMER AVE,BAYVIEW AVE,CUMMER AVE,12,NA,651,NA,33,Willowdale(18),NA,Don Valley North(17),NA,Bayview Ave And Cummer Ave,North York,6013,BAYVIEW AVE
23149,13452717,Leslie St,Lawrence Ave E,13,NA,NA,NA,NA,13,"c(-79.3559789975746, 43.7345350020512)",NA,NA,NA,2008-05-29T04:00:00,NA,LAWRENCE AVE E,LESLIE ST,LAWRENCE AVE E,13,NA,400,NA,33,Don Valley West(15),NA,Don Valley East(16),NA,Leslie St And Lawrence Ave E,North York,6015,LESLIE ST
23150,13449822,Leslie St,York Mills Rd,14,NA,NA,NA,NA,14,"c(-79.3599699911438, 43.7529540024844)",NA,NA,NA,2009-08-05T04:00:00,NA,YORK MILLS RD,LESLIE ST,YORK MILLS RD,14,NA,755,NA,33,Don Valley West(15),NA,Don Valley East(16),NA,Leslie St And York Mills Rd,North York,6016,LESLIE ST
23151,13448765,Bayview Ave,Truman Rd,15,NA,NA,NA,NA,15,"c(-79.3866350029291, 43.7605860032119)",NA,32,NA,2008-03-31T04:00:00,FIFESHIRE RD,TRUMAN RD,BAYVIEW AVE,TRUMAN RD,15,NA,1083,NA,33,Don Valley West(15),NA,NA,NA,Bayview Ave And Truman Rd / Fifeshire Rd,North York,6017,BAYVIEW AVE
23152,14038170,Midland Ave,McNicoll Ave,16,NA,NA,NA,NA,16,"c(-79.2922180081124, 43.8145780077135)",NA,NA,NA,2008-10-09T04:00:00,NA,MCNICOLL AVE,MIDLAND AVE,MCNICOLL AVE,16,NA,1540,NA,42,Scarborough-Agincourt(22),NA,Scarborough North(23),NA,Midland Ave And Mcnicoll Ave,Scarborough,6018,MIDLAND AVE
23153,13441903,Steeles Ave E,Birchmount Rd,17,NA,NA,NA,NA,17,"c(-79.3169249962472, 43.8213920039946)",NA,NA,NA,2009-03-17T04:00:00,NA,BIRCHMOUNT RD,STEELES AVE E,BIRCHMOUNT RD,17,NA,1363,NA,42,Scarborough-Agincourt(22),NA,NA,NA,Steeles Ave E And Birchmount Rd,Scarborough,6019,STEELES AVE E
23154,13446799,Warden Ave,Arkona Dr,18,NA,NA,NA,NA,18,"c(-79.3053560099501, 43.7730890055368)",NA,NA,NA,2008-08-11T04:00:00,CLOVERLEAF GT,ARKONA DR,WARDEN AVE,ARKONA DR,18,NA,927,NA,42,Scarborough-Agincourt(22),NA,NA,NA,Warden Ave And Arkona Dr / Cloverleaf Gt,Scarborough,6020,WARDEN AVE
23155,13441677,Steeles Ave E,Brimley Rd,19,NA,NA,NA,NA,19,"c(-79.2872019971675, 43.8282939976019)",NA,NA,NA,2008-05-29T04:00:00,NA,BRIMLEY RD,STEELES AVE E,BRIMLEY RD,19,NA,1491,NA,42,Scarborough North(23),NA,NA,NA,Steeles Ave E And Brimley Rd,Scarborough,6021,STEELES AVE E
23156,13465757,College St,Bathurst St,20,NA,NA,NA,NA,20,"c(-79.4077219983493, 43.656481004806)",NA,NA,NA,2008-08-11T04:00:00,NA,BATHURST ST,COLLEGE ST,BATHURST ST,20,NA,300,NA,14,University-Rosedale(11),NA,NA,NA,College St And Bathurst St,Toronto and East York,6022,COLLEGE ST
23157,13447211,Morningside Ave,Lawrence Ave E,21,NA,NA,NA,NA,21,"c(-79.1862250063822, 43.768408003812)",NA,NA,NA,2008-08-11T04:00:00,NA,LAWRENCE AVE E,MORNINGSIDE AVE,LAWRENCE AVE E,21,NA,499,NA,43,Scarborough-Guildwood(24),NA,Scarborough-Rouge Park(25),NA,Morningside Ave And Lawrence Ave E,Scarborough,6023,MORNINGSIDE AVE
23158,13461025,Dixon Rd,Carlingview Dr,22,NA,NA,NA,NA,22,"c(-79.5955659976761, 43.6867570035774)",NA,NA,NA,2009-03-19T04:00:00,NA,CARLINGVIEW DR,DIXON RD,CARLINGVIEW DR,22,NA,536,NA,23,Etobicoke North(1),NA,NA,NA,Dixon Rd And Carlingview Dr,Etobicoke York,6024,DIXON RD
23159,13457150,Dufferin St,Glencairn Ave,23,NA,NA,NA,NA,23,"c(-79.4531800071891, 43.706982004009)",NA,NA,NA,2009-03-19T04:00:00,NA,GLENCAIRN AVE,DUFFERIN ST,GLENCAIRN AVE,23,NA,613,NA,13,Eglinton-Lawrence(8),NA,NA,NA,Dufferin St And Glencairn Ave,North York,6025,DUFFERIN ST
23160,13456854,Overlea Blvd,Thorncliffe Park Dr,24,NA,NA,NA,NA,24,"c(-79.3436250025507, 43.7074730060253)",NA,NA,NA,2008-10-29T04:00:00,NA,THORNCLIFFE PARK DR,OVERLEA BLVD,THORNCLIFFE PARK DR,24,NA,679,EAST INTERSECTION,53,Don Valley West(15),NA,NA,NA,Overlea Blvd And Thorncliffe Park Dr,North York,6026,OVERLEA BLVD
23161,13447843,Kennedy Rd,Ellesmere Rd,25,NA,NA,NA,NA,25,"c(-79.2810780069511, 43.7658020019069)",NA,NA,NA,2008-03-28T04:00:00,NA,ELLESMERE RD,KENNEDY RD,ELLESMERE RD,25,NA,696,NA,41,Scarborough Centre(21),NA,NA,NA,Kennedy Rd And Ellesmere Rd,Scarborough,6027,KENNEDY RD
23162,13444761,Leslie St,Finch Ave E,26,NA,NA,NA,NA,26,"c(-79.3680670004262, 43.7900119961954)",NA,NA,NA,2008-10-21T04:00:00,NA,FINCH AVE E,LESLIE ST,FINCH AVE E,26,NA,868,NA,33,Don Valley North(17),NA,NA,NA,Leslie St And Finch Ave E,North York,6028,LESLIE ST
23163,13444601,Birchmount Rd,Huntingwood Dr,27,NA,NA,NA,NA,27,"c(-79.3022949978243, 43.7904399964523)",NA,NA,NA,2009-03-17T04:00:00,NA,HUNTINGWOOD DR,BIRCHMOUNT RD,HUNTINGWOOD DR,27,NA,987,NA,42,Scarborough-Agincourt(22),NA,NA,NA,Birchmount Rd And Huntingwood Dr,Scarborough,6029,BIRCHMOUNT RD
23164,13443303,Kingston Rd,Port Union Rd,28,NA,NA,NA,NA,28,"c(-79.1462229994315, 43.7989240015282)",NA,NA,NA,2008-03-18T04:00:00,SHEPPARD AVE E,PORT UNION RD,KINGSTON RD,PORT UNION RD,28,NA,1201,NA,42,Scarborough-Rouge Park(25),NA,NA,NA,Kingston Rd And Port Union Rd / Sheppard Ave E,Scarborough,6030,KINGSTON RD
23165,13468898,Bloor St W,The West Mall,29,NA,NA,NA,NA,29,"c(-79.5623179959463, 43.6356249939783)",NA,NA,NA,2009-03-19T04:00:00,NA,THE WEST MALL,BLOOR ST W,THE WEST MALL,29,NA,793,NA,22,Etobicoke Centre(2),NA,NA,NA,Bloor St W And The West Mall,Etobicoke York,6031,BLOOR ST W
23166,13470138,The Queensway,The West Mall,30,NA,NA,NA,NA,30,"c(-79.5626769977969, 43.6123069968059)",NA,NA,NA,2008-11-20T05:00:00,NA,THE WEST MALL,THE QUEENSWAY,THE WEST MALL,30,NA,912,NA,22,Etobicoke-Lakeshore(3),NA,NA,NA,The Queensway And The West Mall,Etobicoke York,6032,THE QUEENSWAY
23167,13470661,Lake Shore Blvd W,Thirty Seventh St,31,NA,NA,NA,NA,31,"c(-79.5381799940711, 43.5933960003353)",NA,NA,NA,2009-03-19T04:00:00,PRIVATE ACCESS,THIRTY SEVENTH ST,LAKE SHORE BLVD W,THIRTY SEVENTH ST,31,NA,241,NA,22,Etobicoke-Lakeshore(3),NA,NA,NA,Lake Shore Blvd W And Thirty Seventh St / Private Access,Etobicoke York,6033,LAKE SHORE BLVD W
23168,13470261,Kipling Ave,Horner Ave,32,NA,NA,NA,NA,32,"c(-79.5207509976317, 43.6072009967797)",NA,NA,NA,2008-03-19T04:00:00,NA,HORNER AVE,KIPLING AVE,HORNER AVE,32,NA,764,NA,22,Etobicoke-Lakeshore(3),NA,NA,NA,Kipling Ave And Horner Ave,Etobicoke York,6034,KIPLING AVE
23179,13451997,Jane St,Clair Rd,43,NA,NA,NA,NA,43,"c(-79.5136850048347, 43.74124000574)",NA,NA,NA,2008-10-09T04:00:00,SPENVALLEY DR,CLAIR RD,JANE ST,CLAIR RD,43,NA,1127,NA,31,Humber River-Black Creek(7),NA,NA,NA,Jane St And Clair Rd / Spenvalley Dr,Etobicoke York,6046,JANE ST
23169,13470082,The Queensway,North Queen St,33,NA,NA,NA,NA,33,"c(-79.5561539918499, 43.6142170046664)",NA,NA,NA,2009-04-02T04:00:00,PRIVATE ACCESS,NORTH QUEEN ST,THE QUEENSWAY,NORTH QUEEN ST,33,SHERWAY GARDENS,917,NA,22,Etobicoke-Lakeshore(3),NA,NA,NA,The Queensway And North Queen St / Private Access @ Sherway Gardens,Etobicoke York,6035,THE QUEENSWAY
23170,13453096,Wilson Ave,Transit Rd,34,NA,NA,NA,NA,34,"c(-79.4528629934421, 43.7333830014361)",NA,NA,NA,2009-08-21T04:00:00,BILLY BISHOP WAY,TRANSIT RD,WILSON AVE,TRANSIT RD,34,NA,1237,WILSON STN ENTRANCE,32,York Centre(6),NA,NA,NA,Wilson Ave And Transit Rd / Billy Bishop Way,North York,6036,WILSON AVE
23171,13468807,Lake Shore Blvd W,Windermere Ave,35,NA,NA,NA,NA,35,"c(-79.46814699688, 43.6351890029381)",NA,NA,NA,2008-05-29T04:00:00,PRIVATE ACCESS,WINDERMERE AVE,LAKE SHORE BLVD W,WINDERMERE AVE,35,NA,229,NA,11,Parkdale-High Park(4),NA,NA,NA,Lake Shore Blvd W And Windermere Ave / Private Access,Toronto and East York,6037,LAKE SHORE BLVD W
23172,13442867,Warden Ave,McNicoll Ave,36,NA,NA,NA,NA,36,"c(-79.3209749936509, 43.8063490021709)",NA,NA,NA,2009-03-17T04:00:00,NA,MCNICOLL AVE,WARDEN AVE,MCNICOLL AVE,36,NA,1287,NA,42,Scarborough-Agincourt(22),NA,NA,NA,Warden Ave And Mcnicoll Ave,Scarborough,6038,WARDEN AVE
23173,13454197,Keele St,Wilson Ave,37,NA,NA,NA,NA,37,"c(-79.4820690045095, 43.7266419991172)",NA,NA,NA,2008-05-29T04:00:00,NA,WILSON AVE,KEELE ST,WILSON AVE,37,NA,597,NA,31,York Centre(6),NA,NA,NA,Keele St And Wilson Ave,North York,6039,KEELE ST
23174,13464191,Lansdowne Ave,Dupont St,38,NA,NA,NA,NA,38,"c(-79.4464609943321, 43.6667250002628)",NA,NA,NA,2008-03-26T04:00:00,NA,DUPONT ST,LANSDOWNE AVE,DUPONT ST,38,NA,844,NA,11,Davenport(9),NA,NA,NA,Lansdowne Ave And Dupont St,Toronto and East York,6040,LANSDOWNE AVE
23175,13468197,Queen St W,Lansdowne Ave,39,NA,NA,NA,NA,39,"c(-79.4369899986827, 43.6405599995531)",NA,14,NA,2009-01-21T05:00:00,JAMESON AVE,LANSDOWNE AVE,QUEEN ST W,LANSDOWNE AVE,39,NA,1981,NA,11,Parkdale-High Park(4),NA,NA,NA,Queen St W And Lansdowne Ave / Jameson Ave,Toronto and East York,6041,QUEEN ST W
23176,13467689,Burnhamthorpe Rd,The East Mall,40,NA,NA,NA,NA,40,"c(-79.5599919958505, 43.6463030043403)",NA,NA,NA,2008-03-26T04:00:00,NA,THE EAST MALL,BURNHAMTHORPE RD,THE EAST MALL,40,NA,948,NA,22,Etobicoke Centre(2),NA,NA,NA,Burnhamthorpe Rd And The East Mall,Etobicoke York,6042,BURNHAMTHORPE RD
23177,13451388,Keele St,Sheppard Ave W,41,NA,NA,NA,NA,41,"c(-79.4864519947699, 43.7447770044339)",NA,NA,NA,2009-03-17T04:00:00,NA,SHEPPARD AVE W,KEELE ST,SHEPPARD AVE W,41,NA,600,NA,31,York Centre(6),NA,NA,NA,Keele St And Sheppard Ave W,North York,6043,KEELE ST
23178,13460183,Jane St,Bala Ave,42,NA,NA,NA,NA,42,"c(-79.5006009970776, 43.6901420045761)",NA,NA,NA,2008-05-16T04:00:00,EMMETT AVE,BALA AVE,JANE ST,BALA AVE,42,NA,1317,NA,12,York South-Weston(5),NA,NA,NA,Jane St And Bala Ave / Emmett Ave,Etobicoke York,6045,JANE ST
23212,13454197,Keele St,Wilson Ave,76,NA,NA,NA,NA,76,"c(-79.4820690045095, 43.7266419991172)",NA,NA,NA,2017-10-20T04:00:00,NA,WILSON AVE,KEELE ST,WILSON AVE,76,NA,597,NA,31,York Centre(6),NA,NA,NA,Keele St And Wilson Ave,North York,6084,KEELE ST
23180,NA,NA,NA,44,NA,NA,NA,NA,44,"c(-79.3074270054452, 43.7124530074629)",NA,NA,NA,2008-08-11T04:00:00,YARDLEY AVE,BERMONDSEY RD,O CONNOR DR,BERMONDSEY RD,44,NA,448,NA,54,Beaches-East York(19),NA,NA,NA,O Connor Dr And Bermondsey Rd / Yardley Ave,Toronto and East York,6047,O CONNOR DR
23181,13458312,Danforth Ave,Birchmount Rd,45,NA,NA,NA,NA,45,"c(-79.2639990061325, 43.6969930097833)",NA,NA,NA,2009-04-01T04:00:00,NA,BIRCHMOUNT RD,DANFORTH AVE,BIRCHMOUNT RD,45,NA,359,NA,41,Scarborough Southwest(20),NA,NA,NA,Danforth Ave And Birchmount Rd,Scarborough,6048,DANFORTH AVE
23182,13460559,Islington Ave,The Westway,46,NA,NA,NA,NA,46,"c(-79.5428729970172, 43.6886200015324)",NA,NA,NA,2008-12-10T05:00:00,NA,THE WESTWAY,ISLINGTON AVE,THE WESTWAY,46,NA,711,NA,23,Etobicoke Centre(2),NA,NA,NA,Islington Ave And The Westway,Etobicoke York,6049,ISLINGTON AVE
23183,13462422,Bathurst St,Davenport Rd,47,NA,NA,NA,NA,47,"c(-79.415786001934, 43.6767300085459)",NA,NA,NA,2009-03-18T04:00:00,NA,DAVENPORT RD,BATHURST ST,DAVENPORT RD,47,NA,384,NA,13,Toronto-St. Paul's(12),NA,NA,NA,Bathurst St And Davenport Rd,Toronto and East York,6050,BATHURST ST
23184,13454488,Warden Ave,Comstock Rd,48,NA,NA,NA,NA,48,"c(-79.2849930048744, 43.7215320000156)",NA,NA,NA,2008-10-28T04:00:00,NA,COMSTOCK RD,WARDEN AVE,COMSTOCK RD,48,NA,690,NA,41,Scarborough Southwest(20),NA,NA,NA,Warden Ave And Comstock Rd,Scarborough,6051,WARDEN AVE
23185,13464080,Eastern Ave,Lower Coxwell Ave,49,NA,NA,NA,NA,49,"c(-79.3162150008697, 43.6654930038606)",NA,NA,NA,2009-08-13T04:00:00,NA,LOWER COXWELL AVE,EASTERN AVE,LOWER COXWELL AVE,49,NA,301,NA,55,Toronto-Danforth(14),NA,Beaches-East York(19),NA,Eastern Ave And Lower Coxwell Ave,Toronto and East York,6053,EASTERN AVE
23186,13446743,Midland Ave,Progress Ave,50,NA,NA,NA,NA,50,"c(-79.2729859942398, 43.7729650001435)",NA,NA,NA,2009-04-16T04:00:00,NA,PROGRESS AVE,MIDLAND AVE,PROGRESS AVE,50,NA,691,NA,41,Scarborough Centre(21),NA,NA,NA,Midland Ave And Progress Ave,Scarborough,6055,MIDLAND AVE
23187,13448868,Lawrence Ave E,Bellamy Rd N,51,NA,NA,NA,NA,51,"c(-79.2352669931062, 43.757721009063)",NA,NA,NA,2009-04-01T04:00:00,NA,BELLAMY RD N,LAWRENCE AVE E,BELLAMY RD N,51,NA,416,NA,43,Scarborough Centre(21),NA,Scarborough-Guildwood(24),NA,Lawrence Ave E And Bellamy Rd N,Scarborough,6056,LAWRENCE AVE E
23188,13456762,Danforth Rd,Birchmount Rd,52,NA,NA,NA,NA,52,"c(-79.2681300060353, 43.7069980024562)",NA,NA,NA,2010-02-25T05:00:00,NA,BIRCHMOUNT RD,DANFORTH RD,BIRCHMOUNT RD,52,NA,417,NA,41,Scarborough Southwest(20),NA,NA,NA,Danforth Rd And Birchmount Rd,Scarborough,6058,DANFORTH RD
23189,13454486,St Clair Ave E,Brimley Rd,53,NA,NA,NA,NA,53,"c(-79.241447998072, 43.7208750056158)",NA,43,NA,2009-08-21T04:00:00,NA,BRIMLEY RD,ST CLAIR AVE E,BRIMLEY RD,53,NA,497,NA,41,Scarborough Southwest(20),NA,NA,NA,St Clair Ave E And Brimley Rd,Scarborough,6059,ST CLAIR AVE E
23190,13456952,Keele St,Lawrence Ave W,54,NA,NA,NA,NA,54,"c(-79.4780619980855, 43.7086590072417)",NA,NA,NA,2009-03-19T04:00:00,NA,LAWRENCE AVE W,KEELE ST,LAWRENCE AVE W,54,NA,428,NA,12,York South-Weston(5),NA,NA,NA,Keele St And Lawrence Ave W,Etobicoke York,6060,KEELE ST
23191,13464908,Bloor St W,Ossington Ave,55,NA,NA,NA,NA,55,"c(-79.4256589977268, 43.6619839983533)",NA,NA,NA,2011-11-22T05:00:00,NA,OSSINGTON AVE,BLOOR ST W,OSSINGTON AVE,55,NA,341,NA,14,Davenport(9),NA,University-Rosedale(11),NA,Bloor St W And Ossington Ave,Toronto and East York,6061,BLOOR ST W
23192,13461356,Danforth Ave,Greenwood Ave,56,NA,NA,NA,NA,56,"c(-79.3323819969191, 43.6814840035033)",NA,55,NA,2010-01-07T05:00:00,NA,GREENWOOD AVE,DANFORTH AVE,GREENWOOD AVE,56,NA,348,NA,54,Toronto-Danforth(14),NA,NA,NA,Danforth Ave And Greenwood Ave,Toronto and East York,6062,DANFORTH AVE
23193,13463494,Queen St E,Woodbine Ave,57,NA,NA,NA,NA,57,"c(-79.3057750019252, 43.6687570069778)",NA,NA,NA,2009-08-06T04:00:00,NA,WOODBINE AVE,QUEEN ST E,WOODBINE AVE,57,NA,548,NA,55,Beaches-East York(19),NA,NA,NA,Queen St E And Woodbine Ave,Toronto and East York,6063,QUEEN ST E
23194,13466630,King St E,Jarvis St,58,NA,NA,NA,NA,58,"c(-79.3719129962965, 43.6504630011365)",NA,NA,NA,2009-08-06T04:00:00,NA,JARVIS ST,KING ST E,JARVIS ST,58,NA,3,NA,51,Toronto Centre(13),NA,NA,NA,King St E And Jarvis St,Toronto and East York,6064,KING ST E
23195,13465164,Lake Shore Blvd E,Leslie St,59,NA,NA,NA,NA,59,"c(-79.3284359942956, 43.6592350040891)",NA,NA,NA,2009-08-06T04:00:00,NA,LESLIE ST,LAKE SHORE BLVD E,LESLIE ST,59,NA,206,NA,55,Toronto-Danforth(14),NA,NA,NA,Lake Shore Blvd E And Leslie St,Toronto and East York,6065,LAKE SHORE BLVD E
23196,13467011,Lower Jarvis St,The Esplanade,60,NA,NA,NA,NA,60,"c(-79.3709320014031, 43.6482249963251)",NA,NA,NA,2009-08-06T04:00:00,NA,THE ESPLANADE,LOWER JARVIS ST,THE ESPLANADE,60,NA,1392,NA,51,Spadina-Fort York(10),NA,Toronto Centre(13),NA,Lower Jarvis St And The Esplanade,Toronto and East York,6066,LOWER JARVIS ST
23197,13465837,Lake Shore Blvd E,Carlaw Ave,61,NA,NA,NA,NA,61,"c(-79.3374340022338, 43.6549600017234)",NA,NA,NA,2009-08-06T04:00:00,NA,CARLAW AVE,LAKE SHORE BLVD E,CARLAW AVE,61,NA,207,NA,55,Toronto-Danforth(14),NA,NA,NA,Lake Shore Blvd E And Carlaw Ave,Toronto and East York,6067,LAKE SHORE BLVD E
23198,13461587,Rogers Rd,Keele St,62,NA,NA,NA,NA,62,"c(-79.4715979979489, 43.6821360027129)",NA,NA,NA,2009-09-08T04:00:00,NA,KEELE ST,ROGERS RD,KEELE ST,62,NA,394,NA,12,York South-Weston(5),NA,NA,NA,Rogers Rd And Keele St,Etobicoke York,6068,ROGERS RD
23199,13465876,Dundas St W,Bloor St W,63,NA,NA,NA,NA,63,"c(-79.4524529944122, 43.6563210073069)",NA,NA,NA,2009-08-11T04:00:00,NA,BLOOR ST W,DUNDAS ST W,BLOOR ST W,63,NA,327,NA,11,Parkdale-High Park(4),NA,NA,NA,Dundas St W And Bloor St W,Toronto and East York,6069,DUNDAS ST W
23200,NA,NA,NA,64,NA,NA,NA,NA,64,"c(-79.4021950065855, 43.7251010003172)",NA,53,NA,2009-08-05T04:00:00,NA,LAWRENCE AVE,YONGE ST,LAWRENCE AVE,64,NA,55,NA,32,Eglinton-Lawrence(8),NA,Don Valley West(15),NA,Yonge St And Lawrence Ave,North York,6070,YONGE ST
23211,13466604,University Ave,Queen St W,75,NA,NA,NA,NA,75,"c(-79.3866280046579, 43.6508519992253)",NA,NA,NA,2017-08-31T04:00:00,NA,QUEEN ST W,UNIVERSITY AVE,QUEEN ST W,75,NA,80,NA,52,Spadina-Fort York(10),NA,NA,NA,University Ave And Queen St W,Toronto and East York,6083,UNIVERSITY AVE
23201,13457863,Eglinton Ave W,Spadina Rd,65,NA,NA,NA,NA,65,"c(-79.4191080086644, 43.7023509956489)",NA,53,NA,2010-01-07T05:00:00,NA,SPADINA RD,EGLINTON AVE W,SPADINA RD,65,NA,99,NA,13,Eglinton-Lawrence(8),NA,Toronto-St. Paul's(12),NA,Eglinton Ave W And Spadina Rd,North York,6072,EGLINTON AVE W
23202,13452266,Lawrence Ave E,Don Mills Rd,66,NA,NA,NA,NA,66,"c(-79.3434479955005, 43.7371730050547)",NA,NA,NA,2009-09-10T04:00:00,NA,DON MILLS RD,LAWRENCE AVE E,DON MILLS RD,66,NA,402,NA,33,Don Valley East(16),NA,NA,NA,Lawrence Ave E And Don Mills Rd,North York,6074,LAWRENCE AVE E
23203,13443509,Neilson Rd,Sheppard Ave E,67,NA,NA,NA,NA,67,"c(-79.2176650080531, 43.7981220089414)",NA,NA,NA,2009-08-04T04:00:00,NA,SHEPPARD AVE E,NEILSON RD,SHEPPARD AVE E,67,NA,1222,NA,42,Scarborough North(23),NA,Scarborough-Rouge Park(25),NA,Neilson Rd And Sheppard Ave E,Scarborough,6075,NEILSON RD
23204,13443955,Sheppard Ave E,Malvern St,68,NA,NA,NA,NA,68,"c(-79.2349310078247, 43.7946620094042)",NA,NA,NA,2009-08-04T04:00:00,PROGRESS AVE,MALVERN ST,SHEPPARD AVE E,MALVERN ST,68,NA,1568,NA,42,Scarborough North(23),NA,NA,NA,Sheppard Ave E And Malvern St / Progress Ave,Scarborough,6076,SHEPPARD AVE E
23205,13445757,Ellesmere Rd,Military Trl,69,NA,NA,NA,NA,69,"c(-79.1883100064072, 43.7865780023884)",NA,NA,NA,2009-08-05T04:00:00,NA,MILITARY TRL,ELLESMERE RD,MILITARY TRL,69,NA,1195,NA,43,Scarborough-Rouge Park(25),NA,NA,NA,Ellesmere Rd And Military Trl,Scarborough,6077,ELLESMERE RD
23206,14228400,Kennedy Rd,401 C E Kennedy Rd Ramp,70,NA,NA,NA,NA,70,"c(-79.2838680047475, 43.7731870021528)",NA,NA,NA,2017-12-19T05:00:00,WILLIAM KITCHEN RD,401 C E KENNEDY RD RAMP,KENNEDY RD,401 C E KENNEDY RD RAMP,70,NA,920,HWY 401 SOUTH INTERSECTION,41,Scarborough Centre(21),NA,NA,NA,Kennedy Rd And 401 C E Kennedy Rd Ramp / William Kitchen Rd,Scarborough,6078,KENNEDY RD
23207,13466730,University Ave,Richmond St W,71,NA,NA,NA,NA,71,"c(-79.3862910070768, 43.6500869989537)",NA,NA,NA,2017-07-24T04:00:00,NA,RICHMOND ST W,UNIVERSITY AVE,RICHMOND ST W,71,NA,79,NA,52,Spadina-Fort York(10),NA,NA,NA,University Ave And Richmond St W,Toronto and East York,6079,UNIVERSITY AVE
23208,13466117,Adelaide St E,Parliament St,72,NA,NA,NA,NA,72,"c(-79.3635979983947, 43.6535639991237)",NA,NA,NA,2017-06-05T04:00:00,NA,PARLIAMENT ST,ADELAIDE ST E,PARLIAMENT ST,72,NA,214,NA,51,Toronto Centre(13),NA,NA,NA,Adelaide St E And Parliament St,Toronto and East York,6080,ADELAIDE ST E
23209,13466931,University Ave,Adelaide St W,73,NA,NA,NA,NA,73,"c(-79.3855560013834, 43.6488690023181)",NA,NA,NA,2017-10-20T04:00:00,NA,ADELAIDE ST W,UNIVERSITY AVE,ADELAIDE ST W,73,NA,78,NA,52,Spadina-Fort York(10),NA,NA,NA,University Ave And Adelaide St W,Toronto and East York,6081,UNIVERSITY AVE
23210,13460075,Dixon Rd,Martin Grove Rd,74,NA,NA,NA,NA,74,"c(-79.5708379982085, 43.6915920028019)",NA,NA,NA,2017-07-10T04:00:00,NA,MARTIN GROVE RD,DIXON RD,MARTIN GROVE RD,74,NA,437,NA,23,Etobicoke North(1),NA,Etobicoke Centre(2),NA,Dixon Rd And Martin Grove Rd,Etobicoke York,6082,DIXON RD
23213,13468307,Lake Shore Blvd W,Spadina Ave,77,NA,NA,NA,NA,77,"c(-79.3922259986906, 43.6384530045981)",NA,52,NA,2017-08-08T04:00:00,LOWER SPADINA AVE,SPADINA AVE,LAKE SHORE BLVD W,SPADINA AVE,77,NA,215,E/B LAKE SHORE BLVD,14,Spadina-Fort York(10),NA,NA,NA,Lake Shore Blvd W And Spadina Ave / Lower Spadina Ave,Toronto and East York,6085,LAKE SHORE BLVD W
23214,13469683,Lake Shore Blvd W,Park Lawn Rd,78,NA,NA,NA,NA,78,"c(-79.4812110096601, 43.6229680112056)",NA,NA,NA,2017-10-06T04:00:00,MARINE PARADE DR,PARK LAWN RD,LAKE SHORE BLVD W,PARK LAWN RD,78,NA,230,NA,22,Etobicoke-Lakeshore(3),NA,NA,NA,Lake Shore Blvd W And Park Lawn Rd / Marine Parade Dr,Etobicoke York,6086,LAKE SHORE BLVD W
23215,13447964,Sheppard Ave E,Bayview Ave,79,NA,NA,NA,NA,79,"c(-79.38805600118, 43.7665890046042)",NA,32,NA,2017-07-14T04:00:00,NA,BAYVIEW AVE,SHEPPARD AVE E,BAYVIEW AVE,79,NA,648,NA,33,Willowdale(18),NA,Don Valley North(17),NA,Sheppard Ave E And Bayview Ave,North York,6087,SHEPPARD AVE E
23216,13447719,Steeles Ave W,Weston Rd,80,NA,NA,NA,NA,80,"c(-79.5465260053289, 43.7702810010402)",NA,NA,NA,2017-10-30T04:00:00,NA,WESTON RD,STEELES AVE W,WESTON RD,80,NA,1289,NA,31,Humber River-Black Creek(7),NA,NA,NA,Steeles Ave W And Weston Rd,Etobicoke York,6088,STEELES AVE W
23217,13448786,Lawrence Ave E,Greencedar Crct,81,NA,NA,NA,NA,81,"c(-79.2330769989999, 43.7581840043566)",NA,NA,NA,2017-03-10T05:00:00,GREENBRAE CRCT,GREENCEDAR CRCT,LAWRENCE AVE E,GREENCEDAR CRCT,81,NA,419,NA,43,Scarborough-Guildwood(24),NA,NA,NA,Lawrence Ave E And Greencedar Crct / Greenbrae Crct,Scarborough,6089,LAWRENCE AVE E
23218,13443562,Finch Ave E,Birchmount Rd,82,NA,NA,NA,NA,82,"c(-79.3059809951566, 43.7989979995184)",NA,NA,NA,2017-03-10T05:00:00,NA,BIRCHMOUNT RD,FINCH AVE E,BIRCHMOUNT RD,82,NA,1138,NA,42,Scarborough-Agincourt(22),NA,NA,NA,Finch Ave E And Birchmount Rd,Scarborough,6090,FINCH AVE E
23219,13468751,Bloor St W,The East Mall,83,NA,NA,NA,NA,83,"c(-79.5567089997178, 43.6369290009577)",NA,NA,NA,2017-12-19T05:00:00,NA,THE EAST MALL,BLOOR ST W,THE EAST MALL,83,NA,792,NA,22,Etobicoke Centre(2),NA,Etobicoke-Lakeshore(3),NA,Bloor St W And The East Mall,Etobicoke York,6092,BLOOR ST W
23220,13455040,Wilson Ave,Jane St,84,NA,NA,NA,NA,84,"c(-79.5086339938217, 43.7209150020263)",NA,NA,NA,2017-03-09T05:00:00,NA,JANE ST,WILSON AVE,JANE ST,84,NA,532,NA,31,Humber River-Black Creek(7),NA,York Centre(6),NA,Wilson Ave And Jane St,Etobicoke York,6094,WILSON AVE
23221,13442867,Warden Ave,McNicoll Ave,85,NA,NA,NA,NA,85,"c(-79.3209749936509, 43.8063490021709)",NA,NA,NA,2017-03-10T05:00:00,NA,MCNICOLL AVE,WARDEN AVE,MCNICOLL AVE,85,NA,1287,NA,42,Scarborough-Agincourt(22),NA,NA,NA,Warden Ave And Mcnicoll Ave,Scarborough,6095,WARDEN AVE
23222,13446042,Steeles Ave W,Keele St,86,NA,NA,NA,NA,86,"c(-79.4945059992452, 43.7815790029302)",NA,NA,NA,2017-03-10T05:00:00,NA,KEELE ST,STEELES AVE W,KEELE ST,86,NA,602,NA,31,Humber River-Black Creek(7),NA,York Centre(6),NA,Steeles Ave W And Keele St,Etobicoke York,6097,STEELES AVE W
23223,13467345,University Ave,Wellington St W,87,NA,NA,NA,NA,87,"c(-79.3840989922877, 43.6463830046885)",NA,NA,NA,2017-09-06T04:00:00,NA,WELLINGTON ST W,UNIVERSITY AVE,WELLINGTON ST W,87,NA,76,NA,52,Spadina-Fort York(10),NA,NA,NA,University Ave And Wellington St W,Toronto and East York,6098,UNIVERSITY AVE
23224,13452362,Albion Rd,Kipling Ave,88,NA,NA,NA,NA,88,"c(-79.5804020028511, 43.7397240059444)",NA,NA,NA,2017-07-10T04:00:00,NA,KIPLING AVE,ALBION RD,KIPLING AVE,88,NA,734,NA,23,Etobicoke North(1),NA,NA,NA,Albion Rd And Kipling Ave,Etobicoke York,6099,ALBION RD
23225,13469800,The Queensway,Kipling Ave,89,NA,NA,NA,NA,89,"c(-79.5267410052857, 43.6209179956827)",NA,NA,NA,2018-09-05T04:00:00,NA,KIPLING AVE,THE QUEENSWAY,KIPLING AVE,89,NA,568,NA,22,Etobicoke-Lakeshore(3),NA,NA,NA,The Queensway And Kipling Ave,Etobicoke York,6100,THE QUEENSWAY
23226,13444088,Finch Ave E,Gordon Baker Rd,90,NA,NA,NA,NA,90,"c(-79.3412610045643, 43.7951470000125)",NA,NA,NA,2017-11-30T05:00:00,FINCH E 404 N RAMP,GORDON BAKER RD,FINCH AVE E,GORDON BAKER RD,90,NA,1181,NA,33,Don Valley North(17),NA,NA,NA,Finch Ave E And Gordon Baker Rd / Finch E 404 N Ramp,North York,6101,FINCH AVE E
23227,13463674,Jarvis St,Isabella St,91,NA,NA,NA,NA,91,"c(-79.3794520049809, 43.6688930027192)",NA,NA,NA,2017-03-13T04:00:00,NA,ISABELLA ST,JARVIS ST,ISABELLA ST,91,NA,12,NA,51,Toronto Centre(13),NA,NA,NA,Jarvis St And Isabella St,Toronto and East York,6102,JARVIS ST
23228,13452352,Danforth Rd,Brimley Rd,92,NA,NA,NA,NA,92,"c(-79.2473840010046, 43.7351730038106)",NA,43,NA,2017-03-10T05:00:00,NA,BRIMLEY RD,DANFORTH RD,BRIMLEY RD,92,NA,378,NA,41,Scarborough Southwest(20),NA,NA,NA,Danforth Rd And Brimley Rd,Scarborough,6103,DANFORTH RD
23229,13442036,McCowan Rd,McNicoll Ave,93,NA,NA,NA,NA,93,"c(-79.2719800057721, 43.8179410082595)",NA,NA,NA,2017-03-14T04:00:00,NA,MCNICOLL AVE,MCCOWAN RD,MCNICOLL AVE,93,NA,1493,NA,42,Scarborough North(23),NA,NA,NA,Mccowan Rd And Mcnicoll Ave,Scarborough,6105,MCCOWAN RD
23230,13463362,St Clair Ave W,Gunns Rd,94,NA,NA,NA,NA,94,"c(-79.4711240063789, 43.6717810093395)",NA,11,NA,2017-07-10T04:00:00,OLD STOCK YARDS RD,GUNNS RD,ST CLAIR AVE W,GUNNS RD,94,HOME DEPOT ENTRANCE,1404,NA,12,York South-Weston(5),NA,NA,NA,St Clair Ave W And Gunns Rd / Old Stock Yards Rd @ Home Depot Entrance,Etobicoke York,6106,ST CLAIR AVE W
23231,13467505,Spadina Ave,King St W,95,NA,NA,NA,NA,95,"c(-79.3950459963437, 43.6454700030013)",NA,52,NA,2017-11-03T04:00:00,NA,KING ST W,SPADINA AVE,KING ST W,95,NA,273,NA,14,Spadina-Fort York(10),NA,NA,NA,Spadina Ave And King St W,Toronto and East York,6107,SPADINA AVE
23232,13444619,Sheppard Ave E,McCowan Rd,96,NA,NA,NA,NA,96,"c(-79.2588380089157, 43.7896200075726)",NA,NA,NA,2017-03-10T05:00:00,NA,MCCOWAN RD,SHEPPARD AVE E,MCCOWAN RD,96,NA,938,NA,42,Scarborough North(23),NA,NA,NA,Sheppard Ave E And Mccowan Rd,Scarborough,6108,SHEPPARD AVE E
23233,13466241,King St E,Parliament St,97,NA,NA,NA,NA,97,"c(-79.3632450108231, 43.6527289986933)",NA,NA,NA,2017-03-10T05:00:00,NA,PARLIAMENT ST,KING ST E,PARLIAMENT ST,97,NA,245,NA,51,Toronto Centre(13),NA,NA,NA,King St E And Parliament St,Toronto and East York,6109,KING ST E
23234,13456327,Rexdale Blvd,Martin Grove Rd,98,NA,NA,NA,NA,98,"c(-79.581117010177, 43.7138439993169)",NA,NA,NA,2017-04-11T04:00:00,NA,MARTIN GROVE RD,REXDALE BLVD,MARTIN GROVE RD,98,NA,790,NA,23,Etobicoke North(1),NA,NA,NA,Rexdale Blvd And Martin Grove Rd,Etobicoke York,6110,REXDALE BLVD
23235,13469998,The Queensway,The East Mall,99,NA,NA,NA,NA,99,"c(-79.5462869918465, 43.6164190042953)",NA,NA,NA,2017-10-06T04:00:00,NA,THE EAST MALL,THE QUEENSWAY,THE EAST MALL,99,NA,911,NA,22,Etobicoke-Lakeshore(3),NA,NA,NA,The Queensway And The East Mall,Etobicoke York,6111,THE QUEENSWAY
23236,13460975,St Clair Ave W,Spadina Rd,100,NA,NA,NA,NA,100,"c(-79.4111690060153, 43.6846250039646)",NA,53,NA,2017-07-14T04:00:00,NA,SPADINA RD,ST CLAIR AVE W,SPADINA RD,100,NA,479,NA,13,Toronto-St. Paul's(12),NA,NA,NA,St Clair Ave W And Spadina Rd,Toronto and East York,6112,ST CLAIR AVE W
23237,13447779,Dufferin St,Finch Ave W,101,NA,NA,NA,NA,101,"c(-79.4669269987134, 43.7688520057869)",NA,NA,NA,2017-06-05T04:00:00,NA,FINCH AVE W,DUFFERIN ST,FINCH AVE W,101,NA,618,NA,32,York Centre(6),NA,NA,NA,Dufferin St And Finch Ave W,North York,6113,DUFFERIN ST
23238,13469914,Islington Ave,Evans Ave,102,NA,NA,NA,NA,102,"c(-79.5113280068698, 43.6183930020751)",NA,NA,NA,2017-06-05T04:00:00,NA,EVANS AVE,ISLINGTON AVE,EVANS AVE,102,NA,775,NA,22,Etobicoke-Lakeshore(3),NA,NA,NA,Islington Ave And Evans Ave,Etobicoke York,6114,ISLINGTON AVE
23239,13463137,Eglinton Ave W,Martin Grove Rd,103,NA,NA,NA,NA,103,"c(-79.5631760034985, 43.6744770028432)",NA,22,NA,2017-07-10T04:00:00,NA,MARTIN GROVE RD,EGLINTON AVE W,MARTIN GROVE RD,103,NA,786,NA,23,Etobicoke North(1),NA,Etobicoke Centre(2),NA,Eglinton Ave W And Martin Grove Rd,Etobicoke York,6115,EGLINTON AVE W
23240,13442866,Finch Ave E,Brimley Rd,104,NA,NA,NA,NA,104,"c(-79.2773999905335, 43.8057060076328)",NA,NA,NA,2017-03-10T05:00:00,NA,BRIMLEY RD,FINCH AVE E,BRIMLEY RD,104,NA,1178,NA,42,Scarborough North(23),NA,NA,NA,Finch Ave E And Brimley Rd,Scarborough,6116,FINCH AVE E
23241,13468970,Lake Shore Blvd W,Jameson Ave,105,NA,NA,NA,NA,105,"c(-79.4345630018802, 43.6333410037216)",NA,NA,NA,2017-07-10T04:00:00,NA,JAMESON AVE,LAKE SHORE BLVD W,JAMESON AVE,105,NA,224,NA,14,Parkdale-High Park(4),NA,NA,NA,Lake Shore Blvd W And Jameson Ave,Toronto and East York,6117,LAKE SHORE BLVD W
23242,13452053,Eglinton Ave E,Danforth Rd,106,NA,NA,NA,NA,106,"c(-79.2461639921163, 43.7370970034513)",NA,NA,NA,2017-03-10T05:00:00,NA,DANFORTH RD,EGLINTON AVE E,DANFORTH RD,106,NA,379,NA,43,Scarborough Centre(21),NA,Scarborough Southwest(20),NA,Eglinton Ave E And Danforth Rd,Scarborough,6118,EGLINTON AVE E
23243,13442522,Neilson Rd,McLevin Ave,107,NA,NA,NA,NA,107,"c(-79.2216579986745, 43.8091730021276)",NA,NA,NA,2017-06-05T04:00:00,NA,MCLEVIN AVE,NEILSON RD,MCLEVIN AVE,107,NA,1339,NA,42,Scarborough North(23),NA,Scarborough-Rouge Park(25),NA,Neilson Rd And Mclevin Ave,Scarborough,6119,NEILSON RD
23244,13467394,Simcoe St,Wellington St W,108,NA,NA,NA,NA,108,"c(-79.3855610005702, 43.6460530112796)",NA,NA,NA,2017-08-08T04:00:00,NA,WELLINGTON ST W,SIMCOE ST,WELLINGTON ST W,108,NA,264,NA,52,Spadina-Fort York(10),NA,NA,NA,Simcoe St And Wellington St W,Toronto and East York,6120,SIMCOE ST
23245,13448840,Jane St,Stong Crt,109,NA,NA,NA,NA,109,"c(-79.518821999491, 43.7619170059083)",NA,NA,NA,2017-10-20T04:00:00,YORK GATE BLVD,STONG CRT,JANE ST,STONG CRT,109,NA,972,NA,31,Humber River-Black Creek(7),NA,NA,NA,Jane St And Stong Crt / York Gate Blvd,Etobicoke York,6121,JANE ST
23246,13446514,Ellesmere Rd,Bellamy Rd N,110,NA,NA,NA,NA,110,"c(-79.2417590066978, 43.7743339999482)",NA,NA,NA,2017-03-10T05:00:00,NA,BELLAMY RD N,ELLESMERE RD,BELLAMY RD N,110,NA,700,NA,43,Scarborough-Guildwood(24),NA,NA,NA,Ellesmere Rd And Bellamy Rd N,Scarborough,6122,ELLESMERE RD
23247,13450163,Lawrence Ave E,Kennedy Rd,111,NA,NA,NA,NA,111,"c(-79.2749340070665, 43.7494969990726)",NA,NA,NA,2017-03-10T05:00:00,NA,KENNEDY RD,LAWRENCE AVE E,KENNEDY RD,111,NA,412,NA,41,Scarborough Centre(21),NA,NA,NA,Lawrence Ave E And Kennedy Rd,Scarborough,6123,LAWRENCE AVE E
23248,13454488,Warden Ave,Comstock Rd,112,NA,NA,NA,NA,112,"c(-79.2849930048744, 43.7215320000156)",NA,NA,NA,2017-03-10T05:00:00,NA,COMSTOCK RD,WARDEN AVE,COMSTOCK RD,112,NA,690,NA,41,Scarborough Southwest(20),NA,NA,NA,Warden Ave And Comstock Rd,Scarborough,6124,WARDEN AVE
23249,13443955,Sheppard Ave E,Malvern St,113,NA,NA,NA,NA,113,"c(-79.2349310078247, 43.7946620094042)",NA,NA,NA,2017-05-03T04:00:00,PROGRESS AVE,MALVERN ST,SHEPPARD AVE E,MALVERN ST,113,NA,1568,NA,42,Scarborough North(23),NA,NA,NA,Sheppard Ave E And Malvern St / Progress Ave,Scarborough,6125,SHEPPARD AVE E
23250,13456668,Rexdale Blvd,Kipling Ave,114,NA,NA,NA,NA,114,"c(-79.5667019990785, 43.7117030085107)",NA,NA,NA,2017-10-20T04:00:00,NA,KIPLING AVE,REXDALE BLVD,KIPLING AVE,114,NA,732,NA,23,Etobicoke North(1),NA,NA,NA,Rexdale Blvd And Kipling Ave,Etobicoke York,6126,REXDALE BLVD
23251,13458367,Weston Rd,Lawrence Ave W,115,NA,NA,NA,NA,115,"c(-79.5162009996174, 43.7001579982337)",NA,NA,NA,2017-10-20T04:00:00,NA,LAWRENCE AVE W,WESTON RD,LAWRENCE AVE W,115,NA,431,NA,12,York South-Weston(5),NA,NA,NA,Weston Rd And Lawrence Ave W,Etobicoke York,6127,WESTON RD
23252,13452733,Islington Ave,Albion Rd,116,NA,NA,NA,NA,116,"c(-79.5653050069778, 43.7372359965559)",NA,NA,NA,2017-06-19T04:00:00,NA,ALBION RD,ISLINGTON AVE,ALBION RD,116,NA,717,NA,23,Etobicoke North(1),NA,NA,NA,Islington Ave And Albion Rd,Etobicoke York,6128,ISLINGTON AVE
23253,NA,NA,NA,117,NA,NA,NA,NA,117,"c(-79.4200839983511, 43.7979990068179)",NA,NA,NA,2017-08-11T04:00:00,NA,STEELES AVE,YONGE ST,STEELES AVE,117,NA,131,NA,32,Willowdale(18),NA,NA,NA,Yonge St And Steeles Ave,North York,6130,YONGE ST
23254,13463893,St Clair Ave W,Runnymede Rd,118,NA,NA,NA,NA,118,"c(-79.4835639906144, 43.6689929996743)",NA,11,NA,2017-08-11T04:00:00,NA,RUNNYMEDE RD,ST CLAIR AVE W,RUNNYMEDE RD,118,NA,494,NA,12,York South-Weston(5),NA,NA,NA,St Clair Ave W And Runnymede Rd,Etobicoke York,6131,ST CLAIR AVE W
23255,13453141,Warden Ave,Ashtonbee Rd,119,NA,NA,NA,NA,119,"c(-79.2887619943645, 43.7307110016848)",NA,NA,NA,2017-03-13T04:00:00,NA,ASHTONBEE RD,WARDEN AVE,ASHTONBEE RD,119,NA,1377,NA,41,Scarborough Centre(21),NA,NA,NA,Warden Ave And Ashtonbee Rd,Scarborough,6132,WARDEN AVE
23256,13456952,Keele St,Lawrence Ave W,120,NA,NA,NA,NA,120,"c(-79.4780619980855, 43.7086590072417)",NA,NA,NA,2017-08-11T04:00:00,NA,LAWRENCE AVE W,KEELE ST,LAWRENCE AVE W,120,NA,428,NA,12,York South-Weston(5),NA,NA,NA,Keele St And Lawrence Ave W,Etobicoke York,6134,KEELE ST
23257,13442651,Birchmount Rd,McNicoll Ave,121,NA,NA,NA,NA,121,"c(-79.3111679978823, 43.8086369998735)",NA,NA,NA,2017-08-11T04:00:00,NA,MCNICOLL AVE,BIRCHMOUNT RD,MCNICOLL AVE,121,NA,1413,NA,42,Scarborough-Agincourt(22),NA,NA,NA,Birchmount Rd And Mcnicoll Ave,Scarborough,6135,BIRCHMOUNT RD
23258,13442502,Finch Ave E,Middlefield Rd,122,NA,NA,NA,NA,122,"c(-79.2576989968394, 43.8098879984202)",NA,NA,NA,2017-03-24T04:00:00,NA,MIDDLEFIELD RD,FINCH AVE E,MIDDLEFIELD RD,122,NA,1431,NA,42,Scarborough North(23),NA,NA,NA,Finch Ave E And Middlefield Rd,Scarborough,6136,FINCH AVE E
23259,13459022,Dixon Rd,Islington Ave,123,NA,NA,NA,NA,123,"c(-79.5467310031199, 43.6970490024325)",NA,NA,NA,2017-12-19T05:00:00,NA,ISLINGTON AVE,DIXON RD,ISLINGTON AVE,123,NA,434,NA,23,Etobicoke North(1),NA,Etobicoke Centre(2),NA,Dixon Rd And Islington Ave,Etobicoke York,6137,DIXON RD
23260,13468134,Spadina Ave,Bremner Blvd,124,NA,NA,NA,NA,124,"c(-79.393004001533, 43.6405620021071)",NA,52,NA,2017-09-28T04:00:00,FORT YORK BLVD,BREMNER BLVD,SPADINA AVE,BREMNER BLVD,124,NA,1579,NA,14,Spadina-Fort York(10),NA,NA,NA,Spadina Ave And Bremner Blvd / Fort York Blvd,Toronto and East York,6138,SPADINA AVE
23261,13469508,The Queensway,Royal York Rd,125,NA,NA,NA,NA,125,"c(-79.5026320022918, 43.6263360042642)",NA,NA,NA,2017-06-05T04:00:00,NA,ROYAL YORK RD,THE QUEENSWAY,ROYAL YORK RD,125,NA,565,NA,22,Etobicoke-Lakeshore(3),NA,NA,NA,The Queensway And Royal York Rd,Etobicoke York,6139,THE QUEENSWAY
23262,13468803,Lake Shore Blvd W,Strachan Ave,126,NA,NA,NA,NA,126,"c(-79.4087450089457, 43.6344420021957)",NA,NA,NA,2017-10-06T04:00:00,REMEMBRANCE DR,STRACHAN AVE,LAKE SHORE BLVD W,STRACHAN AVE,126,NA,222,NA,14,Spadina-Fort York(10),NA,NA,NA,Lake Shore Blvd W And Strachan Ave / Remembrance Dr,Toronto and East York,6140,LAKE SHORE BLVD W
23263,13448547,Lawrence Ave E,Markham Rd,127,NA,NA,NA,NA,127,"c(-79.2253240008177, 43.7598219974576)",NA,NA,NA,2017-03-24T04:00:00,NA,MARKHAM RD,LAWRENCE AVE E,MARKHAM RD,127,NA,420,NA,43,Scarborough-Guildwood(24),NA,NA,NA,Lawrence Ave E And Markham Rd,Scarborough,6141,LAWRENCE AVE E
23264,13455910,Jane St,Falstaff Ave,128,NA,NA,NA,NA,128,"c(-79.507223997328, 43.7154560102381)",NA,NA,NA,2017-10-20T04:00:00,GORDON MACKAY RD,FALSTAFF AVE,JANE ST,FALSTAFF AVE,128,NA,531,NA,12,York South-Weston(5),NA,NA,NA,Jane St And Falstaff Ave / Gordon Mackay Rd,Etobicoke York,6142,JANE ST
23265,13454662,Avenue Rd,Lawrence Ave W,129,NA,NA,NA,NA,129,"c(-79.4156090060983, 43.7222550020132)",NA,53,NA,2017-03-14T04:00:00,NA,LAWRENCE AVE W,AVENUE RD,LAWRENCE AVE W,129,NA,119,NA,32,Eglinton-Lawrence(8),NA,NA,NA,Avenue Rd And Lawrence Ave W,North York,6143,AVENUE RD
23266,13443081,Pharmacy Ave,McNicoll Ave,130,NA,NA,NA,NA,130,"c(-79.330734002608, 43.8041220005354)",NA,NA,NA,2017-03-24T04:00:00,NA,MCNICOLL AVE,PHARMACY AVE,MCNICOLL AVE,130,NA,1241,NA,42,Scarborough-Agincourt(22),NA,NA,NA,Pharmacy Ave And Mcnicoll Ave,Scarborough,6145,PHARMACY AVE
23267,13445553,Markham Rd,Progress Ave,131,NA,NA,NA,NA,131,"c(-79.2338900025899, 43.7817459980458)",NA,NA,NA,2017-08-11T04:00:00,NA,PROGRESS AVE,MARKHAM RD,PROGRESS AVE,131,NA,878,NA,43,Scarborough-Guildwood(24),NA,NA,NA,Markham Rd And Progress Ave,Scarborough,6146,MARKHAM RD
23268,13444062,Markham Rd,Sheppard Ave E,132,NA,NA,NA,NA,132,"c(-79.2387520051422, 43.7938690047402)",NA,NA,NA,2017-04-11T04:00:00,NA,SHEPPARD AVE E,MARKHAM RD,SHEPPARD AVE E,132,NA,701,NA,42,Scarborough North(23),NA,NA,NA,Markham Rd And Sheppard Ave E,Scarborough,6147,MARKHAM RD
23269,13445096,Don Mills Rd,Van Horne Ave,133,NA,NA,NA,NA,133,"c(-79.3530289956111, 43.7873450079363)",NA,NA,NA,2017-07-10T04:00:00,NA,VAN HORNE AVE,DON MILLS RD,VAN HORNE AVE,133,NA,628,NA,33,Don Valley North(17),NA,NA,NA,Don Mills Rd And Van Horne Ave,North York,6148,DON MILLS RD
23270,13443095,Sheppard Ave E,Morningside Ave,134,NA,NA,NA,NA,134,"c(-79.1997710048694, 43.8019740056559)",NA,NA,NA,2017-03-10T05:00:00,NA,MORNINGSIDE AVE,SHEPPARD AVE E,MORNINGSIDE AVE,134,NA,1108,NA,42,Scarborough-Rouge Park(25),NA,NA,NA,Sheppard Ave E And Morningside Ave,Scarborough,6149,SHEPPARD AVE E
23271,13443245,Morningside Ave,Milner Ave,135,NA,NA,NA,NA,135,"c(-79.1990800062785, 43.8002799962731)",NA,NA,NA,2017-03-10T05:00:00,NA,MILNER AVE,MORNINGSIDE AVE,MILNER AVE,135,NA,1584,NA,42,Scarborough-Rouge Park(25),NA,NA,NA,Morningside Ave And Milner Ave,Scarborough,6150,MORNINGSIDE AVE
23272,13442363,Kennedy Rd,McNicoll Ave,136,NA,NA,NA,NA,136,"c(-79.3019450092272, 43.8121360060908)",NA,NA,NA,2017-09-28T04:00:00,NA,MCNICOLL AVE,KENNEDY RD,MCNICOLL AVE,136,NA,1586,NA,42,Scarborough-Agincourt(22),NA,NA,NA,Kennedy Rd And Mcnicoll Ave,Scarborough,6152,KENNEDY RD
23273,13446212,Markham Rd,Ellesmere Rd,137,NA,NA,NA,NA,137,"c(-79.2317560025442, 43.7764360086941)",NA,NA,NA,2018-02-16T05:00:00,NA,ELLESMERE RD,MARKHAM RD,ELLESMERE RD,137,NA,702,NA,43,Scarborough-Guildwood(24),NA,NA,NA,Markham Rd And Ellesmere Rd,Scarborough,6153,MARKHAM RD
23274,13466139,Bloor St W,Keele St,138,NA,NA,NA,NA,138,"c(-79.4600479973423, 43.6547070009503)",NA,NA,NA,2018-09-05T04:00:00,PARKSIDE DR,KEELE ST,BLOOR ST W,KEELE ST,138,NA,328,NA,11,Parkdale-High Park(4),NA,NA,NA,Bloor St W And Keele St / Parkside Dr,Toronto and East York,6154,BLOOR ST W
23275,13461355,Eglinton Ave W,Scarlett Rd,139,NA,NA,NA,NA,139,"c(-79.5114570043453, 43.6839620012534)",NA,22,NA,2019-06-03T04:00:00,NA,SCARLETT RD,EGLINTON AVE W,SCARLETT RD,139,NA,784,NA,23,Etobicoke Centre(2),NA,NA,NA,Eglinton Ave W And Scarlett Rd,Etobicoke York,6155,EGLINTON AVE W
23276,13445306,Steeles Ave W,Dufferin St,140,NA,NA,NA,NA,140,"c(-79.4700889909467, 43.7872830028842)",NA,NA,NA,2018-09-05T04:00:00,NA,DUFFERIN ST,STEELES AVE W,DUFFERIN ST,140,NA,619,NA,32,York Centre(6),NA,NA,NA,Steeles Ave W And Dufferin St,North York,6156,STEELES AVE W
23277,13463882,Dufferin St,Dupont St,141,NA,NA,NA,NA,141,"c(-79.4390350096527, 43.6684640112994)",NA,14,NA,2018-11-28T05:00:00,NA,DUPONT ST,DUFFERIN ST,DUPONT ST,141,NA,608,NA,11,Davenport(9),NA,NA,NA,Dufferin St And Dupont St,Toronto and East York,6157,DUFFERIN ST
23278,13467841,Bloor St W,Islington Ave,142,NA,NA,NA,NA,142,"c(-79.5234379984697, 43.6446480024837)",NA,NA,NA,2018-11-28T05:00:00,NA,ISLINGTON AVE,BLOOR ST W,ISLINGTON AVE,142,NA,339,NA,22,Etobicoke-Lakeshore(3),NA,NA,NA,Bloor St W And Islington Ave,Etobicoke York,6158,BLOOR ST W
23279,NA,NA,NA,143,NA,NA,NA,NA,143,"c(-79.6140899949954, 43.7554540002572)",NA,NA,NA,2019-03-01T05:00:00,NA,HIGHWAY 27,STEELES AVE W,HIGHWAY 27,143,NA,1793,NA,23,Etobicoke North(1),NA,NA,NA,Steeles Ave W And Highway 27,Etobicoke York,6159,STEELES AVE W
23280,13446608,Sheppard Ave E,Don Mills Rd,144,NA,NA,NA,NA,144,"c(-79.347040002097, 43.7751070040083)",NA,NA,NA,2019-09-19T04:00:00,NA,DON MILLS RD,SHEPPARD AVE E,DON MILLS RD,144,NA,627,NA,33,Don Valley North(17),NA,NA,NA,Sheppard Ave E And Don Mills Rd,North York,6160,SHEPPARD AVE E
23281,13447608,Steeles Ave W,Signet Dr,145,NA,NA,NA,NA,145,"c(-79.5434480009718, 43.7709200085331)",NA,NA,NA,2019-06-03T04:00:00,OLD WESTON RD,SIGNET DR,STEELES AVE W,SIGNET DR,145,NA,1232,NA,31,Humber River-Black Creek(7),NA,NA,NA,Steeles Ave W And Signet Dr / Old Weston Rd,Etobicoke York,6161,STEELES AVE W
23282,13445476,Kennedy Rd,Sheppard Ave E,146,NA,NA,NA,NA,146,"c(-79.2882629959488, 43.7832860020415)",NA,NA,NA,2020-05-27T04:00:00,NA,SHEPPARD AVE E,KENNEDY RD,SHEPPARD AVE E,146,NA,752,NA,42,Scarborough-Agincourt(22),NA,NA,NA,Kennedy Rd And Sheppard Ave E,Scarborough,6162,KENNEDY RD
23283,13461868,Bathurst St,Nina St,147,NA,NA,NA,NA,147,"c(-79.4169819991952, 43.6798239968693)",NA,NA,NA,2020-12-03T05:00:00,NA,NINA ST,BATHURST ST,NINA ST,147,NA,306,NA,13,Toronto-St. Paul's(12),NA,NA,NA,Bathurst St And Nina St,Toronto and East York,6163,BATHURST ST
23284,13443575,Brimley Rd,Huntingwood Dr,148,NA,NA,NA,NA,148,"c(-79.2733659976785, 43.7984070025272)",NA,NA,NA,2021-04-07T04:00:00,NA,HUNTINGWOOD DR,BRIMLEY RD,HUNTINGWOOD DR,148,NA,1170,NA,42,Scarborough North(23),NA,NA,NA,Brimley Rd And Huntingwood Dr,Scarborough,6167,BRIMLEY RD
23285,13446436,Brimley Rd,Progress Ave,149,NA,NA,NA,NA,149,"c(-79.2631830057711, 43.7752810004707)",NA,43,NA,2021-05-27T04:00:00,NA,PROGRESS AVE,BRIMLEY RD,PROGRESS AVE,149,NA,1072,NA,41,Scarborough Centre(21),NA,NA,NA,Brimley Rd And Progress Ave,Scarborough,6168,BRIMLEY RD
23286,13454867,Kingston Rd,Brimley Rd,150,NA,NA,NA,NA,150,"c(-79.2403629937362, 43.7182259993558)",NA,43,NA,2021-05-25T04:00:00,BRIMLEY RD S,BRIMLEY RD,KINGSTON RD,BRIMLEY RD,150,NA,164,NA,41,Scarborough Southwest(20),NA,NA,NA,Kingston Rd And Brimley Rd / Brimley Rd S,Scarborough,6169,KINGSTON RD
23287,13448254,Lawrence Ave E,Scarborough Golf Club Rd,151,NA,NA,NA,NA,151,"c(-79.2158379985684, 43.7618520036741)",NA,NA,NA,2021-05-14T04:00:00,NA,SCARBOROUGH GOLF CLUB RD,LAWRENCE AVE E,SCARBOROUGH GOLF CLUB RD,151,NA,397,NA,43,Scarborough Guildwood(24),NA,NA,NA,Lawrence Ave E And Scarborough Golf Club Rd,Scarborough,6170,LAWRENCE AVE E
23288,13441620,Steeles Ave E,Markham Rd,152,NA,NA,NA,NA,152,"c(-79.2511890036955, 43.8365980058072)",NA,NA,NA,2021-06-30T04:00:00,NA,MARKHAM RD,STEELES AVE E,MARKHAM RD,152,NA,1583,NA,42,Scarborough North(23),NA,NA,NA,Steeles Ave E And Markham Rd,Scarborough,6171,STEELES AVE E
23289,13444609,Steeles Ave W,Bathurst St,153,NA,NA,NA,NA,153,"c(-79.4457550064858, 43.7924070075576)",NA,NA,NA,2021-12-29T05:00:00,NA,BATHURST ST,STEELES AVE W,BATHURST ST,153,NA,678,NA,32,York Centre(6),NA,Willowdale(18),NA,Steeles Ave W And Bathurst St,North York,6172,STEELES AVE W
23290,13468144,Strachan Ave,Wellington St W,154,NA,NA,NA,NA,154,"c(-79.4114689982727, 43.6407580008455)",NA,NA,NA,2021-06-21T04:00:00,DOURO ST,WELLINGTON ST W,STRACHAN AVE,WELLINGTON ST W,154,NA,2403,NA,14,Spadina-Fort York(10),NA,NA,NA,Strachan Ave And Wellington St W / Douro St,Toronto and East York,6173,STRACHAN AVE
23291,13465980,University Ave,Dundas St W,155,NA,NA,NA,NA,155,"c(-79.3883140021352, 43.6547900061355)",NA,NA,NA,2021-06-21T04:00:00,NA,DUNDAS ST W,UNIVERSITY AVE,DUNDAS ST W,155,NA,81,NA,52,University-Rosedale(11),NA,Spadina-Fort York(10),NA,University Ave And Dundas St W,Toronto and East York,6175,UNIVERSITY AVE
23292,13448519,Warden Ave,Ellesmere Rd,156,NA,NA,NA,NA,156,"c(-79.3007509906093, 43.7611930035096)",NA,NA,NA,2021-06-11T04:00:00,NA,ELLESMERE RD,WARDEN AVE,ELLESMERE RD,156,NA,694,NA,41,Scarborough Centre(21),NA,NA,NA,Warden Ave And Ellesmere Rd,Scarborough,6176,WARDEN AVE
23293,13445655,Willowdale Ave,Bishop Ave,157,NA,NA,NA,NA,157,"c(-79.4078709998587, 43.7834400045557)",NA,NA,NA,2021-04-07T04:00:00,NA,BISHOP AVE,WILLOWDALE AVE,BISHOP AVE,157,NA,1640,NA,32,Willowdale(18),NA,NA,NA,Willowdale Ave And Bishop Ave,North York,6178,WILLOWDALE AVE
23294,13445027,Cummer Ave,Willowdale Ave,158,NA,NA,NA,NA,158,"c(-79.409916994778, 43.7886630024238)",NA,NA,NA,2021-05-25T04:00:00,NA,WILLOWDALE AVE,CUMMER AVE,WILLOWDALE AVE,158,NA,806,NA,32,Willowdale(18),NA,NA,NA,Cummer Ave And Willowdale Ave,North York,6180,CUMMER AVE
23295,13446551,Sheppard Ave E,Victoria Park Ave,159,NA,NA,NA,NA,159,"c(-79.3230170005675, 43.7752440086096)",NA,42,NA,2021-05-27T04:00:00,NA,VICTORIA PARK AVE,SHEPPARD AVE E,VICTORIA PARK AVE,159,NA,748,NA,33,Don Valley North(17),NA,Scarborough-Agincourt(22),NA,Sheppard Ave E And Victoria Park Ave,North York,6181,SHEPPARD AVE E
23296,13446970,Bathurst St,Finch Ave W,160,NA,NA,NA,NA,160,"c(-79.4430079979777, 43.7738590056771)",NA,NA,NA,2021-07-29T04:00:00,NA,FINCH AVE W,BATHURST ST,FINCH AVE W,160,NA,675,NA,32,York Centre(6),NA,Willowdale(18),NA,Bathurst St And Finch Ave W,North York,6182,BATHURST ST
23297,13444423,Finch Ave E,Don Mills Rd,161,NA,NA,NA,NA,161,"c(-79.3547360041712, 43.7926600047163)",NA,NA,NA,2021-05-07T04:00:00,NA,DON MILLS RD,FINCH AVE E,DON MILLS RD,161,NA,869,NA,33,Don Valley North(17),NA,NA,NA,Finch Ave E And Don Mills Rd,North York,6183,FINCH AVE E
23298,13446896,Steeles Ave W,Jane St,162,NA,NA,NA,NA,162,"c(-79.5217349954741, 43.775470007186)",NA,NA,NA,2021-03-05T05:00:00,NA,JANE ST,STEELES AVE W,JANE ST,162,NA,535,NA,31,Humber River-Black Creek(7),NA,NA,NA,Steeles Ave W And Jane St,Etobicoke York,6185,STEELES AVE W
23299,13452283,Sheppard Ave W,Jane St,163,NA,NA,NA,NA,163,"c(-79.5132209984939, 43.7393890046471)",NA,NA,NA,2021-05-14T04:00:00,NA,JANE ST,SHEPPARD AVE W,JANE ST,163,NA,533,NA,31,Humber River-Black Creek(7),NA,York Centre(6),NA,Sheppard Ave W And Jane St,Etobicoke York,6186,SHEPPARD AVE W
23300,13446827,McCowan Rd,Ellesmere Rd,164,NA,NA,NA,NA,164,"c(-79.251497995166, 43.7721420056226)",NA,NA,NA,2021-08-27T04:00:00,NA,ELLESMERE RD,MCCOWAN RD,ELLESMERE RD,164,NA,699,NA,43,Scarborough Centre(21),NA,Scarborough-Guildwood(24),NA,Mccowan Rd And Ellesmere Rd,Scarborough,6188,MCCOWAN RD
23301,13447827,McCowan Rd,Brimorton Dr,165,NA,NA,NA,NA,165,"c(-79.2489580019758, 43.7654209967952)",NA,NA,NA,2021-06-11T04:00:00,NA,BRIMORTON DR,MCCOWAN RD,BRIMORTON DR,165,NA,951,NA,43,Scarborough Centre(21),NA,Scarborough Guildwood(24),NA,Mccowan Rd And Brimorton Dr,Scarborough,6190,MCCOWAN RD
23302,NA,NA,NA,166,NA,NA,NA,NA,166,"c(-79.5956219954628, 43.717268007419)",NA,NA,NA,2021-06-11T04:00:00,NA,REXDALE BLVD,HIGHWAY 27,REXDALE BLVD,166,NA,1161,NA,23,Etobicoke North(1),NA,NA,NA,Highway 27 And Rexdale Blvd,Etobicoke York,6191,HIGHWAY 27
23303,13452437,Bathurst St,Wilson Ave,167,NA,NA,NA,NA,167,"c(-79.4340050046302, 43.7373540023486)",NA,NA,NA,2021-06-29T04:00:00,NA,WILSON AVE,BATHURST ST,WILSON AVE,167,NA,320,NA,32,York Centre(6),NA,NA,NA,Bathurst St And Wilson Ave,North York,6192,BATHURST ST
23304,13465860,Jarvis St,Shuter St,168,NA,NA,NA,NA,168,"c(-79.3739169933193, 43.6553610036448)",NA,NA,NA,2021-06-03T04:00:00,NA,SHUTER ST,JARVIS ST,SHUTER ST,168,NA,7,NA,51,Toronto Centre(13),NA,NA,NA,Jarvis St And Shuter St,Toronto and East York,6193,JARVIS ST
23305,13448487,Lawrence Ave E,Greencrest Crct,169,NA,NA,NA,NA,169,"c(-79.2229820032987, 43.7603119953437)",NA,NA,NA,2021-07-29T04:00:00,GREENHOLM CRCT,GREENCREST CRCT,LAWRENCE AVE E,GREENCREST CRCT,169,NA,1005,NA,43,Scarborough-Guildwood(24),NA,NA,NA,Lawrence Ave E And Greencrest Crct / Greenholm Crct,Scarborough,6194,LAWRENCE AVE E
23306,13449574,Steeles Ave W,Martin Grove Rd,170,NA,NA,NA,NA,170,"c(-79.6033810035634, 43.7578610076682)",NA,NA,NA,2021-06-29T04:00:00,NA,MARTIN GROVE RD,STEELES AVE W,MARTIN GROVE RD,170,NA,1486,NA,23,Etobicoke North(1),NA,NA,NA,Steeles Ave W And Martin Grove Rd,Etobicoke York,6195,STEELES AVE W
23307,14134984,Lake Shore Blvd W,Lower Simcoe St,171,NA,NA,NA,NA,171,"c(-79.3831869970504, 43.6403400048128)",NA,NA,NA,2021-09-13T04:00:00,NA,LOWER SIMCOE ST,LAKE SHORE BLVD W,LOWER SIMCOE ST,171,NA,1747,NA,52,Spadina-Fort York(10),NA,NA,NA,Lake Shore Blvd W And Lower Simcoe St,Toronto and East York,6196,LAKE SHORE BLVD W
23308,13458216,Martin Grove Rd,Belfield Rd,172,NA,NA,NA,NA,172,"c(-79.5756320005708, 43.7019480092184)",NA,NA,NA,2021-07-29T04:00:00,NA,BELFIELD RD,MARTIN GROVE RD,BELFIELD RD,172,NA,789,NA,23,Etobicoke North(1),NA,NA,NA,Martin Grove Rd And Belfield Rd,Etobicoke York,6197,MARTIN GROVE RD
23309,13442251,Finch Ave E,Markham Rd,173,NA,NA,NA,NA,173,"c(-79.2430759998232, 43.8129710006548)",NA,NA,NA,2021-06-03T04:00:00,NA,MARKHAM RD,FINCH AVE E,MARKHAM RD,173,NA,1257,NA,42,Scarborough North(23),NA,NA,NA,Finch Ave E And Markham Rd,Scarborough,6198,FINCH AVE E
23310,13443837,Finch Ave E,Warden Ave,174,NA,NA,NA,NA,174,"c(-79.315766003199, 43.7967720021073)",NA,NA,NA,2021-06-30T04:00:00,NA,WARDEN AVE,FINCH AVE E,WARDEN AVE,174,NA,1035,NA,42,Scarborough-Agincourt(22),NA,NA,NA,Finch Ave E And Warden Ave,Scarborough,6199,FINCH AVE E
23311,13451212,Lawrence Ave E,Pharmacy Ave,175,NA,NA,NA,NA,175,"c(-79.3046450113134, 43.7432420025631)",NA,NA,NA,2021-07-29T04:00:00,NA,PHARMACY AVE,LAWRENCE AVE E,PHARMACY AVE,175,NA,408,NA,41,Scarborough Centre(21),NA,NA,NA,Lawrence Ave E And Pharmacy Ave,Scarborough,6200,LAWRENCE AVE E
23312,13450997,Eglinton Ave E,Markham Rd,176,NA,NA,NA,NA,176,"c(-79.2189130009699, 43.7431820018927)",NA,NA,NA,2021-06-23T04:00:00,NA,MARKHAM RD,EGLINTON AVE E,MARKHAM RD,176,NA,463,NA,43,Scarborough Southwest(20),NA,Scarborough Guildwood(24),NA,Eglinton Ave E And Markham Rd,Scarborough,6203,EGLINTON AVE E
23313,13455129,St Clair Ave E,Danforth Rd,177,NA,NA,NA,NA,177,"c(-79.2599200046733, 43.716846011755)",NA,NA,NA,2021-04-27T04:00:00,NA,DANFORTH RD,ST CLAIR AVE E,DANFORTH RD,177,NA,392,NA,41,Scarborough Southwest(20),NA,NA,NA,St Clair Ave E And Danforth Rd,Scarborough,6205,ST CLAIR AVE E
23314,13449204,Lawrence Ave E,McCowan Rd,178,NA,NA,NA,NA,178,"c(-79.2454219966348, 43.7555480047005)",NA,NA,NA,2021-08-16T04:00:00,NA,MCCOWAN RD,LAWRENCE AVE E,MCCOWAN RD,178,NA,380,NA,43,Scarborough Centre(21),NA,Scarborough-Guildwood(24),NA,Lawrence Ave E And Mccowan Rd,Scarborough,6206,LAWRENCE AVE E
23315,20154546,Morningside Ave,401 C W Morningside Ave N Ramp,179,NA,NA,NA,NA,179,"c(-79.1977450106576, 43.7978289967425)",NA,NA,NA,2021-06-23T04:00:00,CINEMART DR,401 C W MORNINGSIDE AVE N RAMP,MORNINGSIDE AVE,401 C W MORNINGSIDE AVE N RAMP,179,NA,1546,HWY 401 NORTH INTERSECTION,42,Scarborough-Rouge Park(25),NA,NA,NA,Morningside Ave And 401 C W Morningside Ave N Ramp / Cinemart Dr,Scarborough,6207,MORNINGSIDE AVE
23316,13447492,Bellamy Rd N,Brimorton Dr,180,NA,NA,NA,NA,180,"c(-79.23916500512, 43.7674520013201)",NA,NA,NA,2021-06-03T04:00:00,NA,BRIMORTON DR,BELLAMY RD N,BRIMORTON DR,180,NA,1017,NA,43,Scarborough Guildwood(24),NA,NA,NA,Bellamy Rd N And Brimorton Dr,Scarborough,6208,BELLAMY RD N
23317,13449428,Weston Rd,Fenmar Dr,181,NA,NA,NA,NA,181,"c(-79.543761993849, 43.7574660031374)",NA,NA,NA,2021-07-29T04:00:00,NA,FENMAR DR,WESTON RD,FENMAR DR,181,NA,1149,NA,31,Humber River-Black Creek(7),NA,NA,NA,Weston Rd And Fenmar Dr,Etobicoke York,6209,WESTON RD
23318,13441776,Markham Rd,McNicoll Ave,182,NA,NA,NA,NA,182,"c(-79.247816998906, 43.8239970063578)",NA,NA,NA,2021-06-11T04:00:00,NA,MCNICOLL AVE,MARKHAM RD,MCNICOLL AVE,182,NA,1560,NA,42,Scarborough North(23),NA,NA,NA,Markham Rd And Mcnicoll Ave,Scarborough,6210,MARKHAM RD
23319,13450818,Lawrence Ave E,Warden Ave,183,NA,NA,NA,NA,183,"c(-79.2947299975949, 43.7453760055059)",NA,NA,NA,2021-06-23T04:00:00,NA,WARDEN AVE,LAWRENCE AVE E,WARDEN AVE,183,NA,409,NA,41,Scarborough Centre(21),NA,NA,NA,Lawrence Ave E And Warden Ave,Scarborough,6211,LAWRENCE AVE E
23320,13462349,Kipling Ave,Widdicombe Hill,184,NA,NA,NA,NA,184,"c(-79.5517119968769, 43.6789370037179)",NA,NA,NA,2021-08-16T04:00:00,WIDDICOMBE HILL BLVD,WIDDICOMBE HILL,KIPLING AVE,WIDDICOMBE HILL,184,NA,1359,NA,23,Etobicoke Centre(2),NA,NA,NA,Kipling Ave And Widdicombe Hill / Widdicombe Hill Blvd,Etobicoke York,6212,KIPLING AVE
23321,13449501,Lawrence Ave E,Brimley Rd,185,NA,NA,NA,NA,185,"c(-79.2553669940847, 43.7535260020301)",NA,43,NA,2021-08-27T04:00:00,NA,BRIMLEY RD,LAWRENCE AVE E,BRIMLEY RD,185,NA,414,NA,41,Scarborough Centre(21),NA,NA,NA,Lawrence Ave E And Brimley Rd,Scarborough,6214,LAWRENCE AVE E
23322,13450458,William R Allen Rd,Sheppard Ave W,186,NA,NA,NA,NA,186,"c(-79.4633900003128, 43.7502510064068)",NA,NA,NA,2021-06-29T04:00:00,NA,SHEPPARD AVE W,WILLIAM R ALLEN RD,SHEPPARD AVE W,186,NA,1407,NA,32,York Centre(6),NA,NA,NA,William R Allen Rd And Sheppard Ave W,North York,6215,WILLIAM R ALLEN RD
23323,13441919,Midland Ave,Copthorne Ave,187,NA,NA,NA,NA,187,"c(-79.2949340100423, 43.8207070058596)",NA,NA,NA,2021-08-16T04:00:00,PASSMORE AVE,COPTHORNE AVE,MIDLAND AVE,COPTHORNE AVE,187,NA,1565,NA,42,Scarborough-Agincourt(22),NA,Scarborough North(23),NA,Midland Ave And Copthorne Ave / Passmore Ave,Scarborough,6216,MIDLAND AVE
23324,13442528,Steeles Ave E,Don Mills Rd,188,NA,NA,NA,NA,188,"c(-79.3607760036512, 43.8111839970382)",NA,NA,NA,2021-09-13T04:00:00,NA,DON MILLS RD,STEELES AVE E,DON MILLS RD,188,NA,1038,NA,33,Don Valley North(17),NA,NA,NA,Steeles Ave E And Don Mills Rd,North York,6219,STEELES AVE E
23325,13442643,Finch Ave E,McCowan Rd,189,NA,NA,NA,NA,189,"c(-79.2665059922644, 43.8080259992832)",NA,NA,NA,2021-11-09T05:00:00,NA,MCCOWAN RD,FINCH AVE E,MCCOWAN RD,189,NA,1176,NA,42,Scarborough North(23),NA,NA,NA,Finch Ave E And Mccowan Rd,Scarborough,6222,FINCH AVE E
23326,13445620,Steeles Ave W,Alness St,190,NA,NA,NA,NA,190,"c(-79.481056997688, 43.7847000015855)",NA,NA,NA,2021-07-29T04:00:00,NA,ALNESS ST,STEELES AVE W,ALNESS ST,190,NA,1231,NA,32,York Centre(6),NA,NA,NA,Steeles Ave W And Alness St,North York,6224,STEELES AVE W
23327,13443499,Markham Rd,McLevin Ave,191,NA,NA,NA,NA,191,"c(-79.2410409983707, 43.798555006947)",NA,NA,NA,2021-12-29T05:00:00,NUGGET AVE,MCLEVIN AVE,MARKHAM RD,MCLEVIN AVE,191,NA,1239,NA,42,Scarborough North(23),NA,NA,NA,Markham Rd And Mclevin Ave / Nugget Ave,Scarborough,6225,MARKHAM RD
23328,13467918,Burnhamthorpe Rd,The West Mall,192,NA,NA,NA,NA,192,"c(-79.5672500121821, 43.6445520063353)",NA,NA,NA,2021-08-27T04:00:00,NA,THE WEST MALL,BURNHAMTHORPE RD,THE WEST MALL,192,NA,875,NA,22,Etobicoke Centre(2),NA,NA,NA,Burnhamthorpe Rd And The West Mall,Etobicoke York,6227,BURNHAMTHORPE RD
23329,13464218,Jane St,St Clair Ave W,193,NA,NA,NA,NA,193,"c(-79.4917669900948, 43.6671840047067)",NA,11,NA,2021-08-16T04:00:00,NA,ST CLAIR AVE W,JANE ST,ST CLAIR AVE W,193,NA,495,NA,12,York South-Weston(5),NA,NA,NA,Jane St And St Clair Ave W,Etobicoke York,6230,JANE ST
23330,13443302,Kennedy Rd,Finch Ave E,194,NA,NA,NA,NA,194,"c(-79.2965979921245, 43.8012680068432)",NA,NA,NA,2021-11-09T05:00:00,NA,FINCH AVE E,KENNEDY RD,FINCH AVE E,194,NA,1021,NA,42,Scarborough-Agincourt(22),NA,NA,NA,Kennedy Rd And Finch Ave E,Scarborough,6234,KENNEDY RD
23331,13448022,Willowdale Ave,Spring Garden Ave,195,NA,NA,NA,NA,195,"c(-79.4009059964784, 43.7663430021023)",NA,NA,NA,2021-08-27T04:00:00,NA,SPRING GARDEN AVE,WILLOWDALE AVE,SPRING GARDEN AVE,195,NA,2473,NA,32,Willowdale(18),NA,NA,NA,Willowdale Ave And Spring Garden Ave,North York,6237,WILLOWDALE AVE
23332,NA,NA,NA,196,NA,NA,NA,NA,196,"c(-79.3044680026261, 43.7189060068888)",NA,NA,NA,2021-11-09T05:00:00,NA,SUNRISE AVE,O CONNOR DR,SUNRISE AVE,196,NA,520,NA,54,Don Valley East(16),NA,Beaches-East York(19),NA,O Connor Dr And Sunrise Ave,North York,6238,O CONNOR DR
23333,13448822,Markham Rd,Greencedar Crct,197,NA,NA,NA,NA,197,"c(-79.2247089902657, 43.7578400050447)",NA,NA,NA,2021-08-27T04:00:00,GREENCREST CRCT,GREENCEDAR CRCT,MARKHAM RD,GREENCEDAR CRCT,197,NA,704,NA,43,Scarborough-Guildwood(24),NA,NA,NA,Markham Rd And Greencedar Crct / Greencrest Crct,Scarborough,6243,MARKHAM RD
23334,13465689,Dundas St W,Royal York Rd,198,NA,NA,NA,NA,198,"c(-79.5135780034782, 43.6594600022959)",275M EAST OF,NA,NA,2021-10-21T04:00:00,PRIVATE ACCESS,ROYAL YORK RD,DUNDAS ST W,ROYAL YORK RD,198,KINGSWAY MILLS PLAZA,1852,NA,22,Etobicoke Centre(2),NA,Etobicoke-Lakeshore(3),NA,Dundas St W And Royal York Rd / Private Access @ 275m East Of - Kingsway Mills Plaza,Etobicoke York,6248,DUNDAS ST W
23335,13441833,McCowan Rd,Alton Towers Crcl,199,NA,NA,NA,NA,199,"c(-79.2751400030519, 43.8250800011958)",210M SOUTH OF,NA,NA,2021-11-09T05:00:00,NA,ALTON TOWERS CRCL,MCCOWAN RD,ALTON TOWERS CRCL,199,NA,1711,ALTON TOWERS CRCL (NORTH),42,Scarborough North(23),NA,NA,NA,Mccowan Rd And Alton Towers Crcl @ 210m South Of,Scarborough,6249,MCCOWAN RD
